audrey@bergmans.us   bergmans.us/audrey/
connie@bergmans.us   bergmans.us/connie/
cristin@bergmans.us  bergmans.us/cristin/
kate@bergmans.us     bergmans.us/kate/
lucas@bergmans.us    bergmans.us/lucas/
steve@bergmans.us    bergmans.us/steve/

cindy@mcfarlandsllamafarm.com mcfarlandsllamafarm.com/cindy/
roshi@mcfarlandsllamafarm.com mcfarlandsllamafarm.com/roshi/
